{"protein": [{"number_of_initiators": 1, "percentage": 0.010082711109238857}, {"number_of_initiators": 2, "percentage": 0.011584372123383393}, {"number_of_initiators": 3, "percentage": 0.014444407773949937}, {"number_of_initiators": 4, "percentage": 0.01851953168321356}, {"number_of_initiators": 5, "percentage": 0.022451369214754317}, {"number_of_initiators": 6, "percentage": 0.02591894899466924}, {"number_of_initiators": 7, "percentage": 0.03181670529198005}, {"number_of_initiators": 8, "percentage": 0.03832200571863957}, {"number_of_initiators": 9, "percentage": 0.04361221788660133}, {"number_of_initiators": 10, "percentage": 0.05228595178881403}, {"number_of_initiators": 11, "percentage": 0.07056193509649009}, {"number_of_initiators": 12, "percentage": 0.08768205847752784}, {"number_of_initiators": 13, "percentage": 0.11071713746510352}, {"number_of_initiators": 14, "percentage": 0.11370326018416589}, {"number_of_initiators": 15, "percentage": 0.09113050044774294}, {"number_of_initiators": 16, "percentage": 0.07443066729502591}, {"number_of_initiators": 17, "percentage": 0.06259118717709992}, {"number_of_initiators": 18, "percentage": 0.05008493459776569}, {"number_of_initiators": 19, "percentage": 0.03879377027712921}, {"number_of_initiators": 20, "percentage": 0.03126632739670489}]}